"group","name","palette"
"sheers","sheer luck","#F5EAED"
"sheers","lace is more","#F9E7E2"
"sheers","tuck it in my tux","#F8F5F3"
"sheers","gossamer garments","#FCC6CB"
"sheers","sheer silhouette","#F8B9A9"
"sheers","bodice goddess","#EDADBD"
"sheers","of corset","#F1C8BD"
"sheers","last nightie","#DFB6B5"
"sheers","marshmallow","#F5EEEC"
"sheers","waltz","#F0EFE7"
"sheers","baby's breath","#F7F0EA"
"sheers","allure","#F8EFE5"
"sheers","adore-a-ball","#F9F0F1"
"sheers","limo-scene","#F3F1EC"
"sheers","pass-port to sail","#E4DCD1"
"sheers","east hampton cottage","#F8EDE8"
"sheers","ballet slippers","#E4D6D2"
"sheers","angel food","#F4E8E4"
"sheers","mademoiselle","#F5E3E4"
"sheers","skinny dip","#F6E0D9"
"sheers","vanity fairest","#FDEDEB"
"sheers","hi maintenace","#F4E5ED"
"sheers","sugar daddy","#F9E1EB"
"sheers","spaghetti strap","#F2D6DB"
"sheers","pink glove service","#F6D6D8"
"sheers","back in the limo","#F8D5CE"
"sheers","dress is more","#FDF3EE"
"sheers","fairy tailor","#FAD6CE"
"sheers","sheer fantasy","#FCD2C7"
"sheers","blush-worthy","#FBE0DE"
"sheers","inside scoop","#FCD7D5"
"whites","all daisy long","#EAE7DF"
"whites","blanc","#EEEEEE"
"whites","going steady","#F7F5F1"
"whites","galentine","#EDC2C4"
"whites","pearly white","#F2EFEC"
"whites","lace to the altar","#F2F2F0"
"whites","pre-show jitters","#F5E7E4"
"whites","picture perfect","#F9F5EF"
"whites","satin slipper",NA
"whites","urban jungle","#EDE9E3"
"whites","lace me up","#FDEAE8"
"whites","diamond in the cuff","#F6E7E0"
"whites","mixtaupe","#EDE2DD"
"whites","wearing hue?","#F7E3DF"
"whites","imported bubbly","#F3E1DB"
"whites","make the cut",NA
"whites","between the seats","#E5DBD9"
"nudes","go go geisha","#EED9DB"
"nudes","stirring secrets","#FBE1DE"
"nudes","buttoned &amp; buffed","#F1D0BC"
"nudes","mind-full meditation","#E2D7D2"
"nudes","in full swing","#F8C3BC"
"nudes","come out to clay","#F9C8C2"
"nudes","home grown","#E6A68F"
"nudes","call your bluff","#C8A39B"
"nudes","of quartz","#C2A398"
"nudes","into the a-bliss","#E9A7B0"
"nudes","on the bright cider","#D99679"
"nudes","cliff hanger","#CE9681"
"nudes","rocky rose","#DD776B"
"nudes","bed rock &amp; roll","#B2625D"
"nudes","lighten the mood","#F0E3E3"
"nudes","don't be salty","#E0C5BE"
"nudes","sand tropez","#E3D5CE"
"nudes","topless &amp; barefoot","#DED2CE"
"nudes","high class affair","#FAE1D6"
"nudes","spin the bottle","#F2DCD8"
"nudes","perennial chic","#E8C1B4"
"nudes","handmade of honor","#F7D9CC"
"nudes","spool me over","#FCD3C1"
"nudes","tailor made with love","#F8B3A7"
"nudes","wild nude","#D6C3BC"
"nudes","lady like","#DFCACE"
"nudes","demure vix","#DAC2C3"
"nudes","touch up","#DEABB2"
"nudes","not just a pretty face","#EADAD5"
"nudes","bare with me","#E5CBC1"
"nudes","at the barre","#EBC8B6"
"nudes","sunny daze","#B2715A"
"nudes","less is aura","#D7B7AE"
"nudes","sew me","#FBC6B8"
"nudes","pinned up","#F6BEB3"
"nudes","mamba","#E5B9AE"
"nudes","suit &amp; tied","#DBADA4"
"nudes","clothing optional","#C9AEAA"
"nudes","buy me a cameo","#D8BBB7"
"nudes","tea &amp; crumpets","#EACBC1"
"nudes","oh behave!","#E7B7AF"
"nudes","eternal optimist","#F9E8E5"
"nudes","princess charming","#EEC1BC"
"nudes","stitch by stitch","#FABFC2"
"nudes","last nights look","#FBB4C1"
"nudes","fun in the gondola","#DF9FA9"
"nudes","let it glow","#F5B3B0"
"nudes","island hopping","#BF9AA4"
"nudes","walk the hemline","#B77C7B"
"nudes","take me to thread","#BCA9AA"
"nudes","high tides &amp; dives","#D5C3AD"
"nudes","mochacino","#BCB1AE"
"nudes","truth or bare","#A7958E"
"nudes","mink muffs","#A99895"
"nudes","teacup half full","#BE8A81"
"nudes","in stitches","#C8889A"
"nudes","mrs always-right","#CC8E9C"
"nudes","angora cardi","#A8818B"
"nudes","pearls of wisdom","#97625F"
"nudes","chocolate cakes","#896F6D"
"nudes","seeing stars","#A38F88"
"pinks","matter of fiction","#FBE1E2"
"pinks","crush &amp; blush","#F2CDCF"
"pinks","around the bend","#FCB9B7"
"pinks","going all in","#C78F9E"
"pinks","sequ-in the know","#DA828F"
"pinks","sparkles between us","#E57FA6"
"pinks","no shade here","#FA668A"
"pinks","peak show","#F3E7ED"
"pinks","minimalistic","#F8E6E7"
"pinks","romper room","#FCEBEE"
"pinks","polar-izing","#F0DBE1"
"pinks","muchi, muchi","#F8E9EB"
"pinks","wire-less is more","#DAC1C2"
"pinks","pr stunt","#FBD7DE"
"pinks","fiji","#F9DCDB"
"pinks","young, wild &amp; me","#EAC1BF"
"pinks","pink diamond","#F4D4D9"
"pinks","need a vacation","#F6CBD7"
"pinks","delhi dance","#F3BFCB"
"pinks","pin me pink","#E6A8B1"
"pinks","perfect mate","#E7ADA9"
"pinks","out of the jukebox","#FABFB6"
"pinks","moments to mrs.","#E9C0D2"
"pinks","haute to trot","#F79CAC"
"pinks","lovie dovie","#F6BAD8"
"pinks","mod square","#EF9BC5"
"pinks","you, me &amp; the sea","#E092B4"
"pinks","model citizen","#F286A8"
"pinks","pansy","#FBA4BA"
"pinks","babes in the booth","#E999AF"
"pinks","the it-factor","#EA4D7C"
"pinks","the fuchsia is bright","#E0689B"
"pinks","secret story","#F28DBA"
"pinks","watermelon","#E56D97"
"pinks","sit me in the front row","#CF3F82"
"pinks","bachelorette bash","#E67FA2"
"pinks","double breasted jacket","#EF8A96"
"pinks","haute in the heat","#D47190"
"pinks","stop, drop &amp; shop","#B1828B"
"pinks","v.i.please","#B8536B"
"corals","a touch of sugar","#FAD1D0"
"corals","pinkies out","#F3B3A2"
"corals","set in sandstone","#FBB69F"
"corals","sunrush metal","#EC9584"
"corals","confection affection","#FB8040"
"corals","yes, I canyon","#E47063"
"corals","rust worthy","#9E6551"
"corals","coral coast","#F3C7B1"
"corals","sunday funday","#F79798"
"corals","resort fling","#F7998B"
"corals","hold the position","#FAC0BA"
"corals","stones n' roses","#FCC6CC"
"corals","couture curator","#FCBFB0"
"corals","exhibit a-line","#FDBEAD"
"corals","peach side babe","#F8B2B0"
"corals","tart deco","#FABDBA"
"corals","claim to fame","#E48F82"
"corals","looks to thrill","#FCA890"
"corals","signature smile","#FC9CA2"
"corals","cute as a button","#F79EAC"
"corals","guilty pleasures","#F7A9B0"
"corals","strike a rose","#FA7AA4"
"corals","on the list","#FC938E"
"corals","sizzling hot","#FB6673"
"corals","style stunner","#FB6E4F"
"corals","come here!","#F99898"
"corals","ole caliente","#F68C92"
"corals","sunshine state of mind","#F09D8E"
"corals","at the helm","#D98678"
"corals","chubby cheeks","#DB8E89"
"corals","soles on fire","#FAA640"
"corals","too too hot","#F38885"
"corals","meet me at sunset","#F18678"
"corals","peach daiquiri","#F18D99"
"corals","flashed","#F9404F"
"corals","clambake","#FA7B78"
"corals","e-nuf is e-nuf","#E98090"
"reds","you're so cupid","#EA8295"
"reds","glazed days","#E63F9A"
"reds","game theory","#92575C"
"reds","ace of shades","#75474A"
"reds","geranium","#F58475"
"reds","fifth avenue","#E7746D"
"reds","lacquered up","#E26F77"
"reds","forever yummy","#C36B70"
"reds","bold boundaries","#F16690"
"reds","lady in red","#D83F50"
"reds","cherry on top","#DC688D"
"reds","exotic liras","#E26C8D"
"reds","be cherry!","#DA708B"
"reds","she's pampered","#DC7087"
"reds","beauty marked","#E8697A"
"reds","russian roulette","#EE7E74"
"reds","living legend","#F26A85"
"reds","plumberry","#B07889"
"reds","rock the runway","#DC3F48"
"reds","really red","#D5716F"
"reds","fishnet stockings","#C06F77"
"reds","ring in the bling","#D68291"
"reds","drop the gown","#B34266"
"reds","#essielove","#B14B55"
"reds","a-list","#EC9696"
"reds","roses are red","#B44647"
"reds","limited addiction","#C97674"
"reds","with the band","#C27A7C"
"reds","forever family","#CE88A3"
"reds","scarlet starlet","#A64043"
"reds","scarlett o'hara","#B8747A"
"reds","nailed it!","#B4818D"
"reds","aperitif","#E76C6B"
"reds","bordeaux","#8C7274"
"reds","rue de la ruby","#B06473"
"reds","hear me aurora","#BB7B90"
"reds","bubbles only","#9D3F51"
"reds","spiked with style","#744040"
"reds","gala-vanting","#6F3F4B"
"reds","berry naughty","#946B6B"
"reds","wrapped in rubies","#A17276"
"reds","paint the gown red","#B05E64"
"reds","good knight","#5F3F41"
"reds","wicked","#837778"
"purples","go ginza","#DDD4E4"
"purples","you're a gem","#A6857F"
"purples","hold'em tight","#8C5799"
"purples","sweet not sour","#7F4C76"
"purples","in my element","#C498AF"
"purples","style in excess","#D2CCD7"
"purples","what's the stitch","#E1D3E2"
"purples","lilacism","#DBCDE7"
"purples","nice is nice","#DED0E1"
"purples","saved by the belle","#F6CBDD"
"purples","cascade cool","#F0C3DF"
"purples","madison ave-hue","#F19FC3"
"purples","splash of grenadine","#E1A9CA"
"purples","it takes a west village","#DAB0C1"
"purples","dress call","#E4C6E5"
"purples","play date","#E2BBDD"
"purples","world is your oyster","#B8A6C9"
"purples","labels only","#A9A8CA"
"purples","shades on","#BCADD3"
"purples","girly grunge","#B7ACBA"
"purples","just the way you arctic","#C9BDC7"
"purples","big spender","#DC67AD"
"purples","flowerista","#C286B0"
"purples","knee-high life","#B06B83"
"purples","jamaica me crazy","#C375A0"
"purples","bahama mama","#927484"
"purples","carry on","#927579"
"purples","making harmony","#927584"
"purples","drive-in &amp; dine","#D4BBC3"
"purples","new year, new hue","#A8708C"
"purples","beau-tie","#967EB2"
"purples","tangoed in love","#8B5AB0"
"purples","set the seam","#CB88A5"
"purples","berry in love","#B27490"
"purples","graced in garnet","#9F6D83"
"purples","sights on nightlights","#897D97"
"purples","turn 'n' pose","#7C586C"
"purples","in the lobby","#997685"
"purples","model clicks","#64404C"
"purples","sole mate","#92747B"
"purples","sexy divide","#8B73A4"
"purples","hazy daze","#898195"
"purples","kimono-over","#8C7A92"
"purples","luxedo","#887983"
"purples","amethyst noir","#7D6C79"
"blues","wild card","#3F78B7"
"blues","ooh la lolly","#408BB0"
"blues","find me an oasis","#F0F5F9"
"blues","perfect posture","#D8D9E7"
"blues","at sea level","#D6E2E2"
"blues","once upon a time","#B0AEBE"
"blues","getting intricate","#DBECE9"
"blues","dye-mentions","#CEEAE9"
"blues","bikini so teeny","#BBC7EA"
"blues","tiers of joy","#C4B4D2"
"blues","salt water happy","#C3D2E6"
"blues","lapiz of luxury","#B5C5DD"
"blues","as if!","#AEB7C9"
"blues","first view","#B6D7DB"
"blues","in the cab-ana","#A9D8DB"
"blues","take the lead","#8AC3DE"
"blues","strut your stuff","#75C5EA"
"blues","garden variety","#90C1C8"
"blues","glow with the flow","#A7BAD0"
"blues","blue-tiful horizon","#B5B1CE"
"blues","pret-a-surfer","#A7B1DB"
"blues","butler please","#8899F0"
"blues","mezmerised","#6F8DCF"
"blues","all access pass","#8F88C1"
"blues","find me a mannequin","#8382B5"
"blues","loot the booty","#707D9D"
"blues","cause &amp; reflect","#69818C"
"blues","anchor down","#7B8395"
"blues","aruba blue","#6C82A9"
"blues","front page worthy","#656987"
"blues","no more film","#868299"
"blues","on your mistletoes","#79838D"
"blues","bell-bottom blues","#738B9B"
"blues","off duty style","#739AA0"
"blues","dressed to the nineties ","#6F8A96"
"blues","surrounded by studs","#4B5B6A"
"blues","after school boy blazer","#6E717E"
"blues","style cartel","#7079A5"
"blues","caviar bar","#3F586E"
"blues","booties on broadway","#747E90"
"blues","bobbing for baubles","#8B8F9E"
"blues","midnight cami","#74789D"
"greens","chillato","#F2F6D8"
"greens","fashion playground","#E2F2E5"
"greens","reign check","#939C9F"
"greens","but first, candy","#418A54"
"greens","sweater weather","#738364"
"greens","sage you love me","#D9E0DB"
"greens","zip me up","#DBE4CE"
"greens","mint candy apple","#D3E8DE"
"greens","empower-mint","#A8D0C6"
"greens","turquoise &amp; caicos","#B0E8E2"
"greens","udon know me","#AEC4C9"
"greens","bon boy-age","#BAD7D3"
"greens","take a walk","#DFE1B8"
"greens","beauty nap","#AAC1A4"
"greens","exposed","#BCB5AB"
"greens","spellbound","#9F9F98"
"greens","where's my chauffeur?","#A6D9DA"
"greens","first timer","#B1EED6"
"greens","jade to measure","#ABCFBC"
"greens","mojito madness","#A2D2AF"
"greens","naughty nautical","#72D6D2"
"greens","stripes &amp; sails","#4B8484"
"greens","trophy wife","#6F9299"
"greens","go overboard","#688A95"
"greens","off tropic","#708683"
"greens","wrap party","#6D8073"
"yellows","avant-garment","#FEF2A9"
"yellows","hay there","#FCDEA6"
"yellows","fall for nyc","#F3BC8C"
"yellows","sweet supply","#FCE241"
"grays","press pause","#E1E1E1"
"grays","easily suede","#A7938E"
"grays","stop, look &amp; glisten","#9C8D85"
"grays","closing night","#D8DCDF"
"grays","cocktail bling","#D2D4DE"
"grays","without a stitch","#D7D2D4"
"grays","maximillian strasse-her","#BFCCC6"
"grays","the best-est","#C3C2CC"
"grays","mooning","#BAC1C7"
"grays","master plan","#D3CECE"
"grays","gadget free","#B3A7A2"
"grays","chinchilly","#C1B6B7"
"grays","serene slate","#B6B7B4"
"grays","social-lights","#CABEB9"
"grays","toned down","#A9A9B3"
"grays","merino cool","#B3A6AB"
"grays","smokin' hot","#908B96"
"grays","cashmere bathrobe","#8F9194"
"grays","petal pushers","#AAACB0"
"grays","for the twill of it","#959495"
"grays","winning streak","#91929B"
"grays","twill seeker","#787279"
"grays","tribal text-styles","#969492"
"grays","over the edge","#837E81"
"grays","hang up the heels","#565F5C"
"grays","on mute","#78777C"
"grays","generation zen","#78706D"
"grays","licorice","#4E4E4E"
"metallics-and-glitters","semi-precious tones","#BCA793"
"metallics-and-glitters","steel the show","#E1AA97"
"metallics-and-glitters","gorge-ous geodes","#D6A499"
"metallics-and-glitters","rock your world","#B9B8B4"
"metallics-and-glitters","what s gold is new","#C58E6D"
"metallics-and-glitters","sun-day style","#A67565"
"metallics-and-glitters","get a psy-kick out of it","#C95DA3"
"metallics-and-glitters","mani thanks","#F1DECA"
"metallics-and-glitters","happy medium","#F86DA1"
"metallics-and-glitters","birthday girl","#ECD2D8"
"metallics-and-glitters","congrats","#C4BCC6"
"metallics-and-glitters","million mile hues","#DBC48D"
"metallics-and-glitters","venture to the venue","#E6DCD7"
"metallics-and-glitters","beat of the moment","#EBC8D0"
"metallics-and-glitters","can't stop her in copper","#DAAE89"
"metallics-and-glitters","city slicker","#B17D97"
"metallics-and-glitters","stay up slate","#AAAAAF"
"metallics-and-glitters","night owl","#709FA4"
"metallics-and-glitters","apr√®s-chic","#CCCED3"
"metallics-and-glitters","a cut above","#C9A6A9"
"metallics-and-glitters","beyond cozy","#BEBAAF"
"metallics-and-glitters","daring damsel","#C4A593"
"metallics-and-glitters","empire shade of mind","#BDC0C0"
"metallics-and-glitters","fashion faceoff","#BBB8B3"
"metallics-and-glitters","getting groovy","#D8CAA4"
"metallics-and-glitters","gold gilding","#E7BABA"
"metallics-and-glitters","good as gold","#E8DDD1"
"metallics-and-glitters","jazzy jubilant","#BDBBBF"
"metallics-and-glitters","leggy legend","#BB9876"
"metallics-and-glitters","no place like chrome","#CFCFCF"
"metallics-and-glitters","penny talk","#C6B3AA"
"metallics-and-glitters","pure pearlfection","#EEEAE8"
"metallics-and-glitters","rock at the top","#D0C5AD"
"metallics-and-glitters","say it ain't soho","#D99D86"
"metallics-and-glitters","set in stones","#BEC0C4"
"metallics-and-glitters","sparkle on top","#EAE9E8"
"metallics-and-glitters","star studded","#E9C098"
"metallics-and-glitters","summit of style","#D1BEAA"
"metallics-and-glitters","to have and to gold","#D6C2B9"
"metallics-and-glitters","you're golden","#F0DEB7"
