"colors","names","r","g","b"
"#F15D5A","Adventurous",241,93,90
"#614858","Amethyst Smoke",97,72,88
"#FCD8DD","Angelic",252,216,221
"#720A2D","Bewitching",114,10,45
"#CD8F99","Blushing",205,143,153
"#EC798E","Bubbly",236,121,142
"#BC7F40","Chameleon",188,127,64
"#C80047","Cherries In The Snow",200,0,71
"#F9F9F4","Clear",249,249,244
"#E48D62","Copper Penny",228,141,98
"#E69DB3","Coy",230,157,179
"#E1AD94","Creme Brulee",225,173,148
"#B0889A","Daydreamer",176,136,154
"#AE6475","Desirable",174,100,117
"#5E0012","Divine",94,0,18
"#A3D2B4","Eclectic",163,210,180
"#B11679","Electric",177,22,121
"#b29a92","Elegant",178,154,146
"#da6eab","Extravagant",218,110,171
"#ED1C24","Fearless",237,28,36
"#4f2219","Foxy",79,34,25
"#BA998E","Gray Suede",186,153,142
"#A03296","Hypnotic",160,50,150
"#ce677b","Iced Mauve",206,103,123
"#7D8BC8","Irresistible",125,139,200
"#0b0a1a","Knockout",11,10,26
"#463A6F","Magnetic",70,58,111
"#EB014B","Optimistic",235,1,75
"#520111","Passionate",82,1,17
"#C6168D","Plum Seduction",198,22,141
"#00A651","Posh",0,166,81
"#f2f2f2","Pure Pearl",242,242,242
"#A5082E","Raven Red",165,8,46
"#BE0018","Red",190,0,24
"#C18076","Romantique",193,128,118
"#d24249","Saucy",210,66,73
"#f9d4bb","Sheer Petal",249,212,187
"#fbebed","Sheer Pink",251,235,237
"#A4A5AB","Sophisticated",164,165,171
"#6940C7","Sultry",105,64,199
"#a75664","Teak Rose",167,86,100
"#c7732c","Totally Toffee",199,115,44
"#D4403A","Uninhibited",212,64,58
"#170A4D","Urban",23,10,77
"#a11a1a","Valentine",161,26,26
"#EA5994","Vivacious",234,89,148
"#5c0f5c","Vixen",92,15,92
"#f06098","Pink Bloom",240,96,152
"#000006","Blackout",0,0,6
"#8BFAFC","It’s a Boy",139,250,252
"#c8a397","Latte",200,163,151
"#F5B0FF","Lilac Wine",245,176,255
"#a17566","Mauve Kiss",161,117,102
"#edc8cc","Sugar Crystals",237,200,204
"#efeeef","Winter Baby",239,238,239
"#9B0052","Deep Red",155,0,82
"#FFFFFF","Crystal Clear",255,255,255
"#FFFFFF","Crystal Clear",255,255,255
"#FF38EB","Enduring Pink",255,56,235
"#A35788","Rose Poudre",163,87,136
"#FF087F","Hot Salsa",255,8,127
"#304CFF","Surreal",48,76,255
"#C1C2C1","Amarapura",193,194,193
"#E28586","Arabesque",226,133,134
"#000000","Back Room",0,0,0
"#000000","Back Room",0,0,0
"#A88478","Bad Influence",168,132,120
"#D55D21","Blow Up",213,93,33
"#CB1F2B","Dovima",203,31,43
"#f8f8f8","Ecume",248,248,248
"#440235","Elbrus",68,2,53
"#12090C","Endless Night",18,9,12
"#BE2D00","Hunger",190,45,0
"#649CCE","Ikiru",100,156,206
"#A9A2BD","Kalymnos",169,162,189
"#3C3B6D","La Notte",60,59,109
"#A796D6","L'Avventura",167,150,214
"#664E5B","Manosque",102,78,91
"#554313","Mash",85,67,19
"#DDC293","Milos",221,194,147
"#294C6E","Mots Bleus",41,76,110
"#000000","Night Breed",0,0,0
"#000000","Night Breed",0,0,0
"#18224E","Night Flight",24,34,78
"#345AD7","Night Out",52,90,215
"#535341","Night Porter",83,83,65
"#E01123","Paradiso",224,17,35
"#82001C","Paros",130,0,28
"#60186A","Purple Rain",96,24,106
"#F04551","Shameless Red",240,69,81
"#A90004","Soup Can",169,0,4
"#ADE1D5","Thasos",173,225,213
"#C51321","Torre Del Oro",197,19,33
"#C4938E","Zakynthos",196,147,142
"#F5EAED","sheer luck",245,234,237
"#F9E7E2","lace is more",249,231,226
"#F8F5F3","tuck it in my tux",248,245,243
"#FCC6CB","gossamer garments",252,198,203
"#F8B9A9","sheer silhouette",248,185,169
"#EDADBD","bodice goddess",237,173,189
"#F1C8BD","of corset",241,200,189
"#DFB6B5","last nightie",223,182,181
"#F5EEEC","marshmallow",245,238,236
"#F0EFE7","waltz",240,239,231
"#F7F0EA","baby's breath",247,240,234
"#F8EFE5","allure",248,239,229
"#F9F0F1","adore a ball",249,240,241
"#F3F1EC","limo scene",243,241,236
"#E4DCD1","pass port to sail",228,220,209
"#F8EDE8","east hampton cottage",248,237,232
"#E4D6D2","ballet slippers",228,214,210
"#F4E8E4","angel food",244,232,228
"#F5E3E4","mademoiselle",245,227,228
"#F6E0D9","skinny dip",246,224,217
"#FDEDEB","vanity fairest",253,237,235
"#F4E5ED","hi maintenace",244,229,237
"#F9E1EB","sugar daddy",249,225,235
"#F2D6DB","spaghetti strap",242,214,219
"#F6D6D8","pink glove service",246,214,216
"#F8D5CE","back in the limo",248,213,206
"#FDF3EE","dress is more",253,243,238
"#FAD6CE","fairy tailor",250,214,206
"#FCD2C7","sheer fantasy",252,210,199
"#FBE0DE","blush worthy",251,224,222
"#FCD7D5","inside scoop",252,215,213
"#EAE7DF","all daisy long",234,231,223
"#EEEEEE","blanc",238,238,238
"#F7F5F1","going steady",247,245,241
"#EDC2C4","galentine",237,194,196
"#F2EFEC","pearly white",242,239,236
"#F2F2F0","lace to the altar",242,242,240
"#F5E7E4","pre show jitters",245,231,228
"#F9F5EF","picture perfect",249,245,239
NA,"satin slipper",NA,NA,NA
NA,"satin slipper",NA,NA,NA
"#EDE9E3","urban jungle",237,233,227
"#FDEAE8","lace me up",253,234,232
"#F6E7E0","diamond in the cuff",246,231,224
"#EDE2DD","mixtaupe",237,226,221
"#F7E3DF","wearing hue?",247,227,223
"#F3E1DB","imported bubbly",243,225,219
NA,"make the cut",NA,NA,NA
NA,"make the cut",NA,NA,NA
"#E5DBD9","between the seats",229,219,217
"#EED9DB","go go geisha",238,217,219
"#FBE1DE","stirring secrets",251,225,222
"#F1D0BC","buttoned and buffed",241,208,188
"#E2D7D2","mind full meditation",226,215,210
"#F8C3BC","in full swing",248,195,188
"#F9C8C2","come out to clay",249,200,194
"#E6A68F","home grown",230,166,143
"#C8A39B","call your bluff",200,163,155
"#C2A398","of quartz",194,163,152
"#E9A7B0","into the a bliss",233,167,176
"#D99679","on the bright cider",217,150,121
"#CE9681","cliff hanger",206,150,129
"#DD776B","rocky rose",221,119,107
"#B2625D","bed rock and roll",178,98,93
"#F0E3E3","lighten the mood",240,227,227
"#E0C5BE","don't be salty",224,197,190
"#E3D5CE","sand tropez",227,213,206
"#DED2CE","topless and barefoot",222,210,206
"#FAE1D6","high class affair",250,225,214
"#F2DCD8","spin the bottle",242,220,216
"#E8C1B4","perennial chic",232,193,180
"#F7D9CC","handmade of honor",247,217,204
"#FCD3C1","spool me over",252,211,193
"#F8B3A7","tailor made with love",248,179,167
"#D6C3BC","wild nude",214,195,188
"#DFCACE","lady like",223,202,206
"#DAC2C3","demure vix",218,194,195
"#DEABB2","touch up",222,171,178
"#EADAD5","not just a pretty face",234,218,213
"#E5CBC1","bare with me",229,203,193
"#EBC8B6","at the barre",235,200,182
"#B2715A","sunny daze",178,113,90
"#D7B7AE","less is aura",215,183,174
"#FBC6B8","sew me",251,198,184
"#F6BEB3","pinned up",246,190,179
"#E5B9AE","mamba",229,185,174
"#DBADA4","suit and tied",219,173,164
"#C9AEAA","clothing optional",201,174,170
"#D8BBB7","buy me a cameo",216,187,183
"#EACBC1","tea and crumpets",234,203,193
"#E7B7AF","oh behave!",231,183,175
"#F9E8E5","eternal optimist",249,232,229
"#EEC1BC","princess charming",238,193,188
"#FABFC2","stitch by stitch",250,191,194
"#FBB4C1","last nights look",251,180,193
"#DF9FA9","fun in the gondola",223,159,169
"#F5B3B0","let it glow",245,179,176
"#BF9AA4","island hopping",191,154,164
"#B77C7B","walk the hemline",183,124,123
"#BCA9AA","take me to thread",188,169,170
"#D5C3AD","high tides and dives",213,195,173
"#BCB1AE","mochacino",188,177,174
"#A7958E","truth or bare",167,149,142
"#A99895","mink muffs",169,152,149
"#BE8A81","teacup half full",190,138,129
"#C8889A","in stitches",200,136,154
"#CC8E9C","mrs always right",204,142,156
"#A8818B","angora cardi",168,129,139
"#97625F","pearls of wisdom",151,98,95
"#896F6D","chocolate cakes",137,111,109
"#A38F88","seeing stars",163,143,136
"#FBE1E2","matter of fiction",251,225,226
"#F2CDCF","crush and blush",242,205,207
"#FCB9B7","around the bend",252,185,183
"#C78F9E","going all in",199,143,158
"#DA828F","sequ in the know",218,130,143
"#E57FA6","sparkles between us",229,127,166
"#FA668A","no shade here",250,102,138
"#F3E7ED","peak show",243,231,237
"#F8E6E7","minimalistic",248,230,231
"#FCEBEE","romper room",252,235,238
"#F0DBE1","polar izing",240,219,225
"#F8E9EB","muchi, muchi",248,233,235
"#DAC1C2","wire less is more",218,193,194
"#FBD7DE","pr stunt",251,215,222
"#F9DCDB","fiji",249,220,219
"#EAC1BF","young, wild and me",234,193,191
"#F4D4D9","pink diamond",244,212,217
"#F6CBD7","need a vacation",246,203,215
"#F3BFCB","delhi dance",243,191,203
"#E6A8B1","pin me pink",230,168,177
"#E7ADA9","perfect mate",231,173,169
"#FABFB6","out of the jukebox",250,191,182
"#E9C0D2","moments to mrs.",233,192,210
"#F79CAC","haute to trot",247,156,172
"#F6BAD8","lovie dovie",246,186,216
"#EF9BC5","mod square",239,155,197
"#E092B4","you, me and the sea",224,146,180
"#F286A8","model citizen",242,134,168
"#FBA4BA","pansy",251,164,186
"#E999AF","babes in the booth",233,153,175
"#EA4D7C","the it factor",234,77,124
"#E0689B","the fuchsia is bright",224,104,155
"#F28DBA","secret story",242,141,186
"#E56D97","watermelon",229,109,151
"#CF3F82","sit me in the front row",207,63,130
"#E67FA2","bachelorette bash",230,127,162
"#EF8A96","double breasted jacket",239,138,150
"#D47190","haute in the heat",212,113,144
"#B1828B","stop, drop and shop",177,130,139
"#B8536B","v.i.please",184,83,107
"#FAD1D0","a touch of sugar",250,209,208
"#F3B3A2","pinkies out",243,179,162
"#FBB69F","set in sandstone",251,182,159
"#EC9584","sunrush metal",236,149,132
"#FB8040","confection affection",251,128,64
"#E47063","yes, I canyon",228,112,99
"#9E6551","rust worthy",158,101,81
"#F3C7B1","coral coast",243,199,177
"#F79798","sunday funday",247,151,152
"#F7998B","resort fling",247,153,139
"#FAC0BA","hold the position",250,192,186
"#FCC6CC","stones n' roses",252,198,204
"#FCBFB0","couture curator",252,191,176
"#FDBEAD","exhibit a line",253,190,173
"#F8B2B0","peach side babe",248,178,176
"#FABDBA","tart deco",250,189,186
"#E48F82","claim to fame",228,143,130
"#FCA890","looks to thrill",252,168,144
"#FC9CA2","signature smile",252,156,162
"#F79EAC","cute as a button",247,158,172
"#F7A9B0","guilty pleasures",247,169,176
"#FA7AA4","strike a rose",250,122,164
"#FC938E","on the list",252,147,142
"#FB6673","sizzling hot",251,102,115
"#FB6E4F","style stunner",251,110,79
"#F99898","come here!",249,152,152
"#F68C92","ole caliente",246,140,146
"#F09D8E","sunshine state of mind",240,157,142
"#D98678","at the helm",217,134,120
"#DB8E89","chubby cheeks",219,142,137
"#FAA640","soles on fire",250,166,64
"#F38885","too too hot",243,136,133
"#F18678","meet me at sunset",241,134,120
"#F18D99","peach daiquiri",241,141,153
"#F9404F","flashed",249,64,79
"#FA7B78","clambake",250,123,120
"#E98090","e nuf is e nuf",233,128,144
"#EA8295","you're so cupid",234,130,149
"#E63F9A","glazed days",230,63,154
"#92575C","game theory",146,87,92
"#75474A","ace of shades",117,71,74
"#F58475","geranium",245,132,117
"#E7746D","fifth avenue",231,116,109
"#E26F77","lacquered up",226,111,119
"#C36B70","forever yummy",195,107,112
"#F16690","bold boundaries",241,102,144
"#D83F50","lady in red",216,63,80
"#DC688D","cherry on top",220,104,141
"#E26C8D","exotic liras",226,108,141
"#DA708B","be cherry!",218,112,139
"#DC7087","she's pampered",220,112,135
"#E8697A","beauty marked",232,105,122
"#EE7E74","russian roulette",238,126,116
"#F26A85","living legend",242,106,133
"#B07889","plumberry",176,120,137
"#DC3F48","rock the runway",220,63,72
"#D5716F","really red",213,113,111
"#C06F77","fishnet stockings",192,111,119
"#D68291","ring in the bling",214,130,145
"#B34266","drop the gown",179,66,102
"#B14B55","love",177,75,85
"#EC9696","a list",236,150,150
"#B44647","roses are red",180,70,71
"#C97674","limited addiction",201,118,116
"#C27A7C","with the band",194,122,124
"#CE88A3","forever family",206,136,163
"#A64043","scarlet starlet",166,64,67
"#B8747A","scarlett o'hara",184,116,122
"#B4818D","nailed it!",180,129,141
"#E76C6B","aperitif",231,108,107
"#8C7274","bordeaux",140,114,116
"#B06473","rue de la ruby",176,100,115
"#BB7B90","hear me aurora",187,123,144
"#9D3F51","bubbles only",157,63,81
"#744040","spiked with style",116,64,64
"#6F3F4B","gala vanting",111,63,75
"#946B6B","berry naughty",148,107,107
"#A17276","wrapped in rubies",161,114,118
"#B05E64","paint the gown red",176,94,100
"#5F3F41","good knight",95,63,65
"#837778","wicked",131,119,120
"#DDD4E4","go ginza",221,212,228
"#A6857F","you're a gem",166,133,127
"#8C5799","hold'em tight",140,87,153
"#7F4C76","sweet not sour",127,76,118
"#C498AF","in my element",196,152,175
"#D2CCD7","style in excess",210,204,215
"#E1D3E2","what's the stitch",225,211,226
"#DBCDE7","lilacism",219,205,231
"#DED0E1","nice is nice",222,208,225
"#F6CBDD","saved by the belle",246,203,221
"#F0C3DF","cascade cool",240,195,223
"#F19FC3","madison ave hue",241,159,195
"#E1A9CA","splash of grenadine",225,169,202
"#DAB0C1","it takes a west village",218,176,193
"#E4C6E5","dress call",228,198,229
"#E2BBDD","play date",226,187,221
"#B8A6C9","world is your oyster",184,166,201
"#A9A8CA","labels only",169,168,202
"#BCADD3","shades on",188,173,211
"#B7ACBA","girly grunge",183,172,186
"#C9BDC7","just the way you arctic",201,189,199
"#DC67AD","big spender",220,103,173
"#C286B0","flowerista",194,134,176
"#B06B83","knee high life",176,107,131
"#C375A0","jamaica me crazy",195,117,160
"#927484","bahama mama",146,116,132
"#927579","carry on",146,117,121
"#927584","making harmony",146,117,132
"#D4BBC3","drive in and dine",212,187,195
"#A8708C","new year, new hue",168,112,140
"#967EB2","beau tie",150,126,178
"#8B5AB0","tangoed in love",139,90,176
"#CB88A5","set the seam",203,136,165
"#B27490","berry in love",178,116,144
"#9F6D83","graced in garnet",159,109,131
"#897D97","sights on nightlights",137,125,151
"#7C586C","turn 'n' pose",124,88,108
"#997685","in the lobby",153,118,133
"#64404C","model clicks",100,64,76
"#92747B","sole mate",146,116,123
"#8B73A4","sexy divide",139,115,164
"#898195","hazy daze",137,129,149
"#8C7A92","kimono over",140,122,146
"#887983","luxedo",136,121,131
"#7D6C79","amethyst noir",125,108,121
"#3F78B7","wild card",63,120,183
"#408BB0","ooh la lolly",64,139,176
"#F0F5F9","find me an oasis",240,245,249
"#D8D9E7","perfect posture",216,217,231
"#D6E2E2","at sea level",214,226,226
"#B0AEBE","once upon a time",176,174,190
"#DBECE9","getting intricate",219,236,233
"#CEEAE9","dye mentions",206,234,233
"#BBC7EA","bikini so teeny",187,199,234
"#C4B4D2","tiers of joy",196,180,210
"#C3D2E6","salt water happy",195,210,230
"#B5C5DD","lapiz of luxury",181,197,221
"#AEB7C9","as if!",174,183,201
"#B6D7DB","first view",182,215,219
"#A9D8DB","in the cab ana",169,216,219
"#8AC3DE","take the lead",138,195,222
"#75C5EA","strut your stuff",117,197,234
"#90C1C8","garden variety",144,193,200
"#A7BAD0","glow with the flow",167,186,208
"#B5B1CE","blue tiful horizon",181,177,206
"#A7B1DB","pret a surfer",167,177,219
"#8899F0","butler please",136,153,240
"#6F8DCF","mezmerised",111,141,207
"#8F88C1","all access pass",143,136,193
"#8382B5","find me a mannequin",131,130,181
"#707D9D","loot the booty",112,125,157
"#69818C","cause and reflect",105,129,140
"#7B8395","anchor down",123,131,149
"#6C82A9","aruba blue",108,130,169
"#656987","front page worthy",101,105,135
"#868299","no more film",134,130,153
"#79838D","on your mistletoes",121,131,141
"#738B9B","bell bottom blues",115,139,155
"#739AA0","off duty style",115,154,160
"#6F8A96","dressed to the nineties ",111,138,150
"#4B5B6A","surrounded by studs",75,91,106
"#6E717E","after school boy blazer",110,113,126
"#7079A5","style cartel",112,121,165
"#3F586E","caviar bar",63,88,110
"#747E90","booties on broadway",116,126,144
"#8B8F9E","bobbing for baubles",139,143,158
"#74789D","midnight cami",116,120,157
"#F2F6D8","chillato",242,246,216
"#E2F2E5","fashion playground",226,242,229
"#939C9F","reign check",147,156,159
"#418A54","but first, candy",65,138,84
"#738364","sweater weather",115,131,100
"#D9E0DB","sage you love me",217,224,219
"#DBE4CE","zip me up",219,228,206
"#D3E8DE","mint candy apple",211,232,222
"#A8D0C6","empower mint",168,208,198
"#B0E8E2","turquoise and caicos",176,232,226
"#AEC4C9","udon know me",174,196,201
"#BAD7D3","bon boy age",186,215,211
"#DFE1B8","take a walk",223,225,184
"#AAC1A4","beauty nap",170,193,164
"#BCB5AB","exposed",188,181,171
"#9F9F98","spellbound",159,159,152
"#A6D9DA","where's my chauffeur?",166,217,218
"#B1EED6","first timer",177,238,214
"#ABCFBC","jade to measure",171,207,188
"#A2D2AF","mojito madness",162,210,175
"#72D6D2","naughty nautical",114,214,210
"#4B8484","stripes and sails",75,132,132
"#6F9299","trophy wife",111,146,153
"#688A95","go overboard",104,138,149
"#708683","off tropic",112,134,131
"#6D8073","wrap party",109,128,115
"#FEF2A9","avant garment",254,242,169
"#FCDEA6","hay there",252,222,166
"#F3BC8C","fall for nyc",243,188,140
"#FCE241","sweet supply",252,226,65
"#E1E1E1","press pause",225,225,225
"#A7938E","easily suede",167,147,142
"#9C8D85","stop, look and glisten",156,141,133
"#D8DCDF","closing night",216,220,223
"#D2D4DE","cocktail bling",210,212,222
"#D7D2D4","without a stitch",215,210,212
"#BFCCC6","maximillian strasse her",191,204,198
"#C3C2CC","the best est",195,194,204
"#BAC1C7","mooning",186,193,199
"#D3CECE","master plan",211,206,206
"#B3A7A2","gadget free",179,167,162
"#C1B6B7","chinchilly",193,182,183
"#B6B7B4","serene slate",182,183,180
"#CABEB9","social lights",202,190,185
"#A9A9B3","toned down",169,169,179
"#B3A6AB","merino cool",179,166,171
"#908B96","smokin' hot",144,139,150
"#8F9194","cashmere bathrobe",143,145,148
"#AAACB0","petal pushers",170,172,176
"#959495","for the twill of it",149,148,149
"#91929B","winning streak",145,146,155
"#787279","twill seeker",120,114,121
"#969492","tribal text styles",150,148,146
"#837E81","over the edge",131,126,129
"#565F5C","hang up the heels",86,95,92
"#78777C","on mute",120,119,124
"#78706D","generation zen",120,112,109
"#4E4E4E","licorice",78,78,78
"#BCA793","semi precious tones",188,167,147
"#E1AA97","steel the show",225,170,151
"#D6A499","gorge ous geodes",214,164,153
"#B9B8B4","rock your world",185,184,180
"#C58E6D","what s gold is new",197,142,109
"#A67565","sun day style",166,117,101
"#C95DA3","get a psy kick out of it",201,93,163
"#F1DECA","mani thanks",241,222,202
"#F86DA1","happy medium",248,109,161
"#ECD2D8","birthday girl",236,210,216
"#C4BCC6","congrats",196,188,198
"#DBC48D","million mile hues",219,196,141
"#E6DCD7","venture to the venue",230,220,215
"#EBC8D0","beat of the moment",235,200,208
"#DAAE89","can't stop her in copper",218,174,137
"#B17D97","city slicker",177,125,151
"#AAAAAF","stay up slate",170,170,175
"#709FA4","night owl",112,159,164
"#CCCED3","après chic",204,206,211
"#C9A6A9","a cut above",201,166,169
"#BEBAAF","beyond cozy",190,186,175
"#C4A593","daring damsel",196,165,147
"#BDC0C0","empire shade of mind",189,192,192
"#BBB8B3","fashion faceoff",187,184,179
"#D8CAA4","getting groovy",216,202,164
"#E7BABA","gold gilding",231,186,186
"#E8DDD1","good as gold",232,221,209
"#BDBBBF","jazzy jubilant",189,187,191
"#BB9876","leggy legend",187,152,118
"#CFCFCF","no place like chrome",207,207,207
"#C6B3AA","penny talk",198,179,170
"#EEEAE8","pure pearlfection",238,234,232
"#D0C5AD","rock at the top",208,197,173
"#D99D86","say it ain't soho",217,157,134
"#BEC0C4","set in stones",190,192,196
"#EAE9E8","sparkle on top",234,233,232
"#E9C098","star studded",233,192,152
"#D1BEAA","summit of style",209,190,170
"#D6C2B9","to have and to gold",214,194,185
"#F0DEB7","you're golden",240,222,183
"#E71F4D","Lucky ",231,31,77
"#C72240","Love",199,34,64
"#CAACA4","Enchanted",202,172,164
"#FDD9CB","Muguet",253,217,203
"#E83741","charm",232,55,65
"#C31B4F","Popsicle",195,27,79
"#EE809D","Twinkle",238,128,157
"#DF372C","Star",223,55,44
"#A1818C","Fantasmatic",161,129,140
"#BD226E","Bubble gum",189,34,110
"#F9C9C9","Tra la la",249,201,201
"#5B1F52","celestial",91,31,82
"#F08176","Maybe",240,129,118
"#9B4164","687",155,65,100
"#AC2335","Be ",172,35,53
"#491720","Candy cane",73,23,32
"#D09493","Incognito",208,148,147
"#E74366","Coraloha",231,67,102
"#942D72","Mirage",148,45,114
"#977D7C","Palais royal",151,125,124
"#C88773","Sienna",200,135,115
"#617687","Junon",97,118,135
"#E51E31","Aventure",229,30,49
"#E83A53","Wonderland",232,58,83
"#B28975","Vibrato",178,137,117
"#E40040","Lucky",228,0,64
"#E30B6E","Bonheur",227,11,110
"#C90205","Pandore",201,2,5
"#C70F55","Front row",199,15,85
"#B53953","Cosmopolite",181,57,83
"#780C19","Massaï",120,12,25
"#340100","Nuit 1947",52,1,0
"#A10705","Rouge 999",161,7,5
"#88A7BB","Head In The Clouds",136,167,187
"#E1CBE0","Everything's Peachy",225,203,224
"#015F9D","Turned down",1,95,157
"#F2CFBB","Blissed out",242,207,187
"#FFFFFF","Optic white",255,255,255
"#FFFFFF","Optic white",255,255,255
"#E7D9CA","Rose quartz",231,217,202
"#E586A1","Marsala",229,134,161
"#FED7CA","Picnic peach",254,215,202
"#A4A1C0","Cyber",164,161,192
"#9CD1E4","High Tide",156,209,228
"#AEC1C8","Pebble",174,193,200
"#DBE3DD","Crystal Quartz",219,227,221
"#91A188","Party Trick",145,161,136
"#A05D92","Velvet Orchid",160,93,146
"#D30128","Perfect Red",211,1,40
"#E0D2D1","Barely There",224,210,209
"#D9BEA3","Fools Gold",217,190,163
"#0068D1","Indigo go",0,104,209
"#4C1A1B","Dark Horse",76,26,27
"#F5014B","New Wave",245,1,75
"#BCB895","Sage Anything",188,184,149
"#E2AD4D","Haystack",226,173,77
"#EA65CC","Electric Petals",234,101,204
"#FFAB6D","Blazin",255,171,109
"#C5B4B9","It's My Party",197,180,185
"#B1D3D5","Blue Skies Ahead",177,211,213
"#B5C3E6","April Showers",181,195,230
"#C4C47E","Malibu",196,196,126
"#C8ED6C","Cabana Fever",200,237,108
"#ABEDB0","Matcha Maker",171,237,176
"#C9B4B0","Silverlake",201,180,176
"#3046AC","Dashing",48,70,172
"#BC504E","Saucy",188,80,78
"#B70129","Siren",183,1,41
"#FFACCD","Sun Bunny",255,172,205
"#9384A5","Night Moves",147,132,165
"#29484A","Envy",41,72,74
"#434751","Charcoal",67,71,81
"#D8DAD9","Alicia",216,218,217
"#DDDDDD","Trixie",221,221,221
"#DEDCDB","Seraphina",222,220,219
"#E9E9E8","Ginessa",233,233,232
"#F2F3F3","Purity",242,243,243
"#EEEDEC","Aspen MatteVelvet",238,237,236
"#EFEFEC","Lucy",239,239,236
"#F3F4F0","Snow White",243,244,240
"#FAFAFA","Tip Perfector",250,250,250
"#F5F5F4","Genesis",245,245,244
"#F1F0ED","Adel",241,240,237
"#FDEDE8","Buff Perfector",253,237,232
"#FDF2EC","Bethany",253,242,236
"#FCE6E3","Pink Perfector",252,230,227
"#FCDEE2","Joey",252,222,226
"#FCE6E9","Dot",252,230,233
"#FBF1F0","Sabrina",251,241,240
"#EEE0E0","Madison",238,224,224
"#ECDCDE","Grace",236,220,222
"#F4E8E9","Sari",244,232,233
"#F9EEED","Laurie",249,238,237
"#FCE8E3","Brenna",252,232,227
"#F8D7CF","Steph",248,215,207
"#F3E9E5","Erin",243,233,229
"#E1D7D5","Hermina",225,215,213
"#EDE0D8","Nude Perfector",237,224,216
"#EAE0DF","Lauren",234,224,223
"#E5DDD8","Minka",229,221,216
"#DCCECA","Shay",220,206,202
"#ECDAD6","McKenna",236,218,214
"#E6D8D1","Avery",230,216,209
"#F0D9D5","Rue",240,217,213
"#F4EAED","Portia",244,234,237
"#EEE0E4","Agnes",238,224,228
"#EBDFE1","Betty",235,223,225
"#DFD2D1","Avril",223,210,209
"#DAC4C4","Brittany",218,196,196
"#EFEBEB","Leia",239,235,235
"#EAE4ED","Marley",234,228,237
"#E3DDE6","Vickie",227,221,230
"#EFDBEA","Lavender Perfector",239,219,234
"#EADFE9","Birch",234,223,233
"#F2ECEE","SGTOP Sparkle Gloss Topcoat",242,236,238
"#F1E6E9","Monet",241,230,233
"#F7EFE0","Jacqueline",247,239,224
"#F5E2D7","Chantal",245,226,215
"#EBE0D2","Cho",235,224,210
"#ECDCCC","Cala",236,220,204
"#F0DED5","Jack",240,222,213
"#F2DACC","Tatum",242,218,204
"#E8D6D2","Ana",232,214,210
"#E3D1CE","Kennedy",227,209,206
"#DDD1CF","Pandora",221,209,207
"#EED4D1","Mia",238,212,209
"#EAC8BE","Cathy",234,200,190
"#ECD9CF","Taylor",236,217,207
"#DECFC5","Noah",222,207,197
"#F4D9D1","Erika",244,217,209
"#E2C3B2","Enza",226,195,178
"#F3DCD1","Leigh",243,220,209
"#FCE3DB","Scarlet",252,227,219
"#EDD5D4","Shimmer",237,213,212
"#F7D8D7","Bebe",247,216,215
"#EEC4C8","Joss",238,196,200
"#EBD7DD","Bela",235,215,221
"#FDE9DE","Bailey",253,233,222
"#D2B1B4","Madeline",210,177,180
"#C1ADAF","Normani",193,173,175
"#DDC5B6","Spencer",221,197,182
"#CFBCC0","Addison",207,188,192
"#CEADAF","Jill",206,173,175
"#D8C6C8","Sally",216,198,200
"#DCBBBF","Brigitte",220,187,191
"#D8BABB","Piper",216,186,187
"#D5A59E","Kinsley",213,165,158
"#E8C9C7","Carson",232,201,199
"#DDC2C9","Rumor",221,194,201
"#D3C1BE","Amanda",211,193,190
"#D5CACB","Leah",213,202,203
"#DED5CE","Farah",222,213,206
"#E8D6CC","April",232,214,204
"#E1D0CC","Beth",225,208,204
"#D7C9C3","Keira",215,201,195
"#DDD4D0","Brighton",221,212,208
"#E2DAD0","Godiva PixieDust Textured",226,218,208
"#E3D4CE","Lux Magical PixieDust Textured",227,212,206
"#E8DCD3","Bar Magical PixieDust Textured",232,220,211
"#E9E5D7","Tomoko",233,229,215
"#DDD1C6","Jules",221,209,198
"#EADCCF","Nahla",234,220,207
"#D7C8BA","Levi PixieDust Textured",215,200,186
"#E8D9C9","Glimmer",232,217,201
"#FCE9DD","Jane",252,233,221
"#FCE6DA","Loretta",252,230,218
"#FEDFCE","Lulu",254,223,206
"#F2C9B8","Meadow",242,201,184
"#DCBBB0","Austine",220,187,176
"#FBD5BA","Cole",251,213,186
"#EBDAC9","Sue MatteVelvet",235,218,201
"#FECFBC","Sawyer",254,207,188
"#F9D2CA","Tessa",249,210,202
"#F5BEB1","Cassi",245,190,177
"#F5CCA2","Alma",245,204,162
"#EDCBAC","Astrid",237,203,172
"#E9B38D","Jancyn",233,179,141
"#EAB69C","Arizona",234,182,156
"#F4B593","Jesy",244,181,147
"#E1A995","Tanzy",225,169,149
"#E6B9A2","Nadia",230,185,162
"#E8AE95","Beatrix PixieDust Textured",232,174,149
"#D3A091","Autumn",211,160,145
"#F6A185","Thandie",246,161,133
"#DD9F8C","Amy",221,159,140
"#E1978D","Destiny PixieDust Textured",225,151,141
"#CDA19C","Tawny",205,161,156
"#E1988F","Dhara PixieDust Textured",225,152,143
"#ED978C","Rocha",237,151,140
"#E49A8F","Paz",228,154,143
"#F5A197","Cam",245,161,151
"#DF9D9D","Annie",223,157,157
"#E5A3A0","Heidi",229,163,160
"#E6A7A8","Elodie",230,167,168
"#F5B1AE","Solstice",245,177,174
"#FD9B98","Erza Neon",253,155,152
"#F5A6A3","Tulip",245,166,163
"#F8B6B3","Wendy",248,182,179
"#F8C7C6","Clementine",248,199,198
"#F6B5AE","Zahara",246,181,174
"#FDBBB3","Cora",253,187,179
"#FDCBCD","Minnie",253,203,205
"#F6B6BD","Happi",246,182,189
"#E3AEB3","Tinsley",227,174,179
"#E6A6B3","Maya",230,166,179
"#E49FB0","Lo",228,159,176
"#D8959F","Linds PixieDust Textured",216,149,159
"#FD93A4","Bisca Neon",253,147,164
"#F6A3B7","Micky",246,163,183
"#F1B2C4","Brandi",241,178,196
"#F4A1B4","Harper",244,161,180
"#E39DBC","Jolene",227,157,188
"#FAAACD","Tobey",250,170,205
"#FDC8DF","Missy",253,200,223
"#FCBBDB","Sandy",252,187,219
"#FDB4D1","Winnie",253,180,209
"#F097B5","Molly",240,151,181
"#F0ACCA","Eden",240,172,202
"#F69BC6","Kelsey",246,155,198
"#FD90BF","Cana Neon",253,144,191
"#F585BB","Kiki",245,133,187
"#F883B0","Lola",248,131,176
"#E27CB2","Ali",226,124,178
"#F1A0C9","Byrdie",241,160,201
"#F6A9D5","Esty",246,169,213
"#CB83AD","Katy",203,131,173
"#CE83B2","Areej",206,131,178
"#CD86A9","Morgan",205,134,169
"#BB8BA7","Arabella PixieDust Textured",187,139,167
"#DA89B4","Lara",218,137,180
"#EF9ABB","Ellie",239,154,187
"#F29CC1","Dacey",242,156,193
"#E88CB2","Nana",232,140,178
"#DF87BF","Starla",223,135,191
"#D492B2","Whitney",212,146,178
"#E791B3","Allison",231,145,179
"#D385A4","Dana",211,133,164
"#DF83A2","Yana",223,131,162
"#E28AA6","Mae",226,138,166
"#D891B4","Taryn",216,145,180
"#BF92A0","Miranda PixieDust Textured",191,146,160
"#E1ADBC","Maryann",225,173,188
"#D88AA4","Renee",216,138,164
"#E58AA3","Brynn",229,138,163
"#ED9CBD","Rooney",237,156,189
"#E593B3","Paris",229,147,179
"#DF8FB6","Layla",223,143,182
"#CD85A4","Paloma",205,133,164
"#EA98AE","Mandy",234,152,174
"#E286A2","Fallon",226,134,162
"#D64473","Rosa",214,68,115
"#DC88A3","Kimber",220,136,163
"#E198B1","Azalea",225,152,177
"#E2AABD","Cadence",226,170,189
"#D48AA2","Monroe",212,138,162
"#E2A6B4","Zooey PixieDust Textured",226,166,180
"#E6BAC7","Arielle",230,186,199
"#E1C1C9","Ginni",225,193,201
"#E5B9CA","Jenna",229,185,202
"#F9CEE1","Kitridge",249,206,225
"#E8B9D0","Shelby",232,185,208
"#EED1E7","Libby",238,209,231
"#EAD9E2","Heather",234,217,226
"#FBE2EE","Jordan",251,226,238
"#ECC8D4","Caresse",236,200,212
"#F2C1E3","Princess",242,193,227
"#F8BCCD","Laurel",248,188,205
"#E6BAC9","Barbie",230,186,201
"#FBB7CB","Sweet",251,183,203
"#ECB3C3","Flora",236,179,195
"#CEAAB8","Kat",206,170,184
"#DAADB8","Ruthie",218,173,184
"#D6B7BE","Zanna",214,183,190
"#FC94AD","Sonja",252,148,173
"#EF829A","Dixie",239,130,154
"#E791A4","Maxine",231,145,164
"#FC9AA9","Virginia",252,154,169
"#ED95A0","Gilda",237,149,160
"#F99DA3","Journey",249,157,163
"#E28489","Haley",226,132,137
"#D8888C","Maura",216,136,140
"#D79592","Kara",215,149,146
"#F19693","Kylie",241,150,147
"#E88E88","Demetria",232,142,136
"#DF9591","Myrta",223,149,145
"#D79895","Rica",215,152,149
"#F2888C","Aphrodite",242,136,140
"#F2A0A2","Marcy",242,160,162
"#D5868A","Tamsen",213,134,138
"#CA888B","Nidhi",202,136,139
"#C88287","Sooki",200,130,135
"#E78B98","Marigold",231,139,152
"#D9868E","Hannah",217,134,142
"#CB8A8B","Gia",203,138,139
"#E48C90","Ming",228,140,144
"#E25F79","America",226,95,121
"#D75469","Margaret",215,84,105
"#CE3E50","Tanya",206,62,80
"#CB6B7A","Briar",203,107,122
"#D38E9B","LC",211,142,155
"#CC8593","Carmen",204,133,147
"#DF8B99","Karen",223,139,153
"#B44B5E","Rashida",180,75,94
"#C6868F","Livingston",198,134,143
"#E27C80","Kimmy",226,124,128
"#B68B87","Channing",182,139,135
"#CF8384","Ember",207,131,132
"#DA8F9C","Robbie",218,143,156
"#D07C89","Amal MatteVelvet",208,124,137
"#D68697","Ash",214,134,151
"#CC8B9D","Max",204,139,157
"#BC7A84","Sheri",188,122,132
"#BA8892","Yvonne",186,136,146
"#C47F91","Dita",196,127,145
"#DD85A0","Liza",221,133,160
"#C38597","Asia",195,133,151
"#B98388","Rekha",185,131,136
"#B1848E","Diana",177,132,142
"#BA8A8E","Alix",186,138,142
"#B57E80","Janel",181,126,128
"#A68685","Delilah",166,134,133
"#B18585","Jade",177,133,133
"#B47B83","Elisa",180,123,131
"#AF7779","Courtney",175,119,121
"#B68692","Chyna PixieDust Textured",182,134,146
"#AA868B","Isla",170,134,139
"#B2838B","Oswin Ultra PixieDust Textured",178,131,139
"#A87C80","India",168,124,128
"#A07F81","Pepper",160,127,129
"#B3838F","Dakota",179,131,143
"#BF8593","Alyssa",191,133,147
"#C2869A","Gweneth",194,134,154
"#AE808E","Andi",174,128,142
"#C78DA6","Bobbi",199,141,166
"#B07682","Vanessa",176,118,130
"#C3879F","Donnie",195,135,159
"#B385A0","Mason",179,133,160
"#B97499","Ciara",185,116,153
"#B67B9C","Alegra",182,123,156
"#BD8AAC","Anaka",189,138,172
"#C58DB4","Liv",197,141,180
"#C085AC","Reagan",192,133,172
"#C28DAF","Audrina",194,141,175
"#C58AC0","Charisma",197,138,192
"#E2B3CC","Leisel",226,179,204
"#D49FC2","Binx",212,159,194
"#BF889E","Kissy",191,136,158
"#D399A7","Everly",211,153,167
"#AA7C8A","Reva",170,124,138
"#A97F82","Riley",169,127,130
"#A57A86","Sarah",165,122,134
"#AE8598","Quinn",174,133,152
"#C996AA","Padma",201,150,170
"#BB93A8","Kendra",187,147,168
"#BA839B","Britta",186,131,155
"#A88594","Blaze",168,133,148
"#A0828A","Arianna Ultra PixieDust Textured",160,130,138
"#A3868E","Rachael",163,134,142
"#938885","Elaine",147,136,133
"#A08290","Noir Ultra PixieDust Textured",160,130,144
"#805966","Etta",128,89,102
"#A08C8E","Blair",160,140,142
"#644E54","Sedona",100,78,84
"#92868B","Jem",146,134,139
"#8E8489","Payton",142,132,137
"#9B7E89","Teigen",155,126,137
"#A6879B","Lorna PixieDust Textured",166,135,155
"#C4A1AA","Joy",196,161,170
"#C4B2B6","Adina",196,178,182
"#B398A3","Katherine",179,152,163
"#CE9EB5","Alia",206,158,181
"#C19AAC","Reece",193,154,172
"#D2A7C3","Rory",210,167,195
"#AC8CAB","Carly",172,140,171
"#BD9FBC","Dannii",189,159,188
"#C1A7CC","Stevie PixieDust Textured",193,167,204
"#D8BDCF","Arlo Magical PixieDust Textured",216,189,207
"#E2C5DE","Leslie",226,197,222
"#E1C9E7","Haruko",225,201,231
"#CFB9D8","Delia",207,185,216
"#C0A7CA","Tina",192,167,202
"#CAADCD","Perrie",202,173,205
"#C1ABC2","Malia",193,171,194
"#CCB1C4","Trudith",204,177,196
"#90748B","Michaela",144,116,139
"#BE9DBA","Millie",190,157,186
"#C398BA","Kieko",195,152,186
"#AB92A8","Tru",171,146,168
"#988593","Lael",152,133,147
"#8F788B","Casey",143,120,139
"#654E66","Gabi",101,78,102
"#978797","Leighton",151,135,151
"#A7839B","Haven",167,131,155
"#B88AAD","Rie",184,138,173
"#A68A9E","Roxy",166,138,158
"#AC90A5","Maeve",172,144,165
"#9F8A92","Isadora",159,138,146
"#A77994","Tara",167,121,148
"#B18AA3","Margo",177,138,163
"#93597E","Ripley",147,89,126
"#CCA6CF","Lois",204,166,207
"#B79BBB","Evette",183,155,187
"#A38CB3","Mira",163,140,179
"#A48AAC","Hope",164,138,172
"#AD96AC","Landon",173,150,172
"#A99CB8","Delaney",169,156,184
"#95859A","Yasmeen",149,133,154
"#9583A0","Lidia",149,131,160
"#8B798F","Iris MatteVelvet",139,121,143
"#8E818C","Sansa",142,129,140
"#947F97","Juno",148,127,151
"#AC8FA8","Aurora",172,143,168
"#A38EA3","Thea",163,142,163
"#AEA0AF","Daul",174,160,175
"#927F96","Giada",146,127,150
"#B0A2B5","Cookie",176,162,181
"#988AA2","Carter PixieDust Textured",152,138,162
"#8A8098","Belinda",138,128,152
"#9685A4","Suri",150,133,164
"#8C799A","Pinta",140,121,154
"#A297B3","Chiara",162,151,179
"#9D90AE","Finley",157,144,174
"#918A94","Julieanne",145,138,148
"#908AA4","Mimi",144,138,164
"#8B85A4","Neve",139,133,164
"#9890BB","Isa",152,144,187
"#A9ABCB","Gardner",169,171,203
"#A09EC9","Danielle",160,158,201
"#AFA4BA","Zara",175,164,186
"#B4A6B9","Lotus",180,166,185
"#B0A8B9","Nimue",176,168,185
"#9790A3","Neeka",151,144,163
"#93919A","Kelly",147,145,154
"#9F99A1","Ki",159,153,161
"#9E99A1","Petra",158,153,161
"#CCBBD0","Hudson",204,187,208
"#DFD6DC","Kendal",223,214,220
"#ECDEED","Abby",236,222,237
"#E0D9E1","Megan",224,217,225
"#BDBBC7","Caitlin",189,187,199
"#A4A9C4","Prim",164,169,196
"#A6A1CC","Serenity",166,161,204
"#A5A4CA","Alice PixieDust Textured",165,164,202
"#B2B2D6","Aster",178,178,214
"#75748D","Vesper",117,116,141
"#ADB0CB","Aire",173,176,203
"#B7BCD0","Jo",183,188,208
"#A4A5AF","Marina",164,165,175
"#9C9AA4","Freja",156,154,164
"#AEBBC8","FeiFei",174,187,200
"#C6CDD2","Hazel",198,205,210
"#C3C4D0","Nyx PixieDust Textured",195,196,208
"#CBCDD4","August",203,205,212
"#E2E5F1","Miley",226,229,241
"#D6DFE8","Kristen",214,223,232
"#E6EEF6","Blu",230,238,246
"#DAF0F7","Eleni",218,240,247
"#D2E5E6","Lillian",210,229,230
"#CCDBDD","Lake",204,219,221
"#C1C9CA","Fern",193,201,202
"#C7D4E1","Darby",199,212,225
"#CBDEE2","Amira",203,222,226
"#D4E4F1","Mosheen",212,228,241
"#DAE5ED","Saldana",218,229,237
"#CDD6D8","Vega Magical PixieDust Textured",205,214,216
"#A8BBC7","Skylar",168,187,199
NA,"Bay PixieDust Textured",NA,NA,NA
"#97CAD8","Rocky",151,202,216
"#93B3C1","Charla",147,179,193
"#88A8B9","Twila",136,168,185
"#869DAD","Liberty PixieDust Textured",134,157,173
"#A0B8CC","Breezi",160,184,204
"#79B3C7","Oceane",121,179,199
"#B2DDE7","Rayne",178,221,231
"#B6CEE3","Yummy",182,206,227
"#75C3E6","Robyn",117,195,230
"#72B8E8","Juvia Neon",114,184,232
"#74A5D0","Mallory",116,165,208
"#76ACCD","Ling",118,172,205
"#8AA7CC","Tallulah",138,167,204
"#85ABD5","Walker",133,171,213
"#7B9BC9","Sia",123,155,201
"#8EA3CC","Tart",142,163,204
"#87B5DD","River",135,181,221
"#A1B8DB","Saint",161,184,219
"#74B5D4","Dory",116,181,212
"#8CB2D1","Muse",140,178,209
"#5184B1","Alessia",81,132,177
"#8E97B7","Nori",142,151,183
"#8690A8","Dream",134,144,168
"#8793AF","Waverly PixieDust Textured",135,147,175
"#8294BB","Estelle",130,148,187
"#8376D5","Mirajane Neon",131,118,213
"#8B93B9","Song",139,147,185
"#464E72","Jen",70,78,114
"#777996","Ibiza",119,121,150
"#788593","Indigo",120,133,147
"#475E76","Elliot",71,94,118
"#7E8894","Remy",126,136,148
"#90A2A6","Juniper",144,162,166
"#7E8B96","Olivera",126,139,150
"#728AA0","Yves MatteVelvet",114,138,160
"#88939D","Natty",136,147,157
"#84AAAD","Danica",132,170,173
"#BFCCC6","Bevin",191,204,198
"#BCCCC9","Wednesday",188,204,201
"#C1DED0","Dillon",193,222,208
"#B3D2D6","Rebel",179,210,214
"#88BDBF","Frida",136,189,191
"#74BDC0","Talia",116,189,192
"#74C6BC","Cecilia",116,198,188
"#A9CDC5","Zuza",169,205,197
"#79B3A9","Selene",121,179,169
"#7E9B93","Merida",126,155,147
"#85C2AC","Ness",133,194,172
"#89A69F","Giovanna",137,166,159
"#A0A89E","Chita",160,168,158
"#80998F","Elphie PixieDust Textured",128,153,143
"#74AF99","Honor MatteVelvet",116,175,153
"#72A79D","Wyatt",114,167,157
"#9CA3A2","Evvie",156,163,162
"#939893","Noot",147,152,147
"#8A9088","Hunter",138,144,136
"#8E9786","Envy",142,151,134
"#919685","Shawn",145,150,133
"#9DA796","Logan",157,167,150
"#97AF9A","Ivanka",151,175,154
"#A1BCA0","Cece PixieDust Textured",161,188,160
"#C2CBAB","Meg",194,203,171
"#B5C6A4","Apple",181,198,164
"#98C8A4","Stassi",152,200,164
"#73CC9E","Evergreen Neon",115,204,158
"#A9BF94","Jace",169,191,148
"#AFC6A6","Josie",175,198,166
"#B8C797","Midori",184,199,151
"#B8D29D","Tilda",184,210,157
"#D7E6B4","Tangy",215,230,180
"#B4B6A6","Gemma",180,182,166
"#C1BDA2","Arbor",193,189,162
"#D2D7B5","Tracie",210,215,181
"#C0CEBF","Rikki",192,206,191
"#CED7C7","Vespa PixieDust Textured",206,215,199
"#E3EFDA","Tiana",227,239,218
"#E6EEE0","Neely",230,238,224
"#D6DFD7","Lacey",214,223,215
"#9AA29A","Tabitha",154,162,154
"#A9A99D","Yara",169,169,157
"#A9A59E","Charli",169,165,158
"#ABA899","Dree",171,168,153
"#C2C3B4","Ireland",194,195,180
"#BBBFB7","Sage",187,191,183
"#CDC8BD","Misty",205,200,189
"#D5CDA9","Scout",213,205,169
"#D8D0BA","Gal",216,208,186
"#E2D4AB","Ziv",226,212,171
"#F6E6C4","Brooklyn",246,230,196
"#E7D79A","Solange PixieDust Textured",231,215,154
"#F4E48F","Kerry",244,228,143
"#F5E18E","Pippa",245,225,142
"#F9E78D","Darcy",249,231,141
"#FDEDB4","Daisy",253,237,180
"#F9EACD","Bee",249,234,205
"#F0E2C6","Maria Luisa",240,226,198
"#D1B2A4","Kaede",209,178,164
"#CDB490","Goldie",205,180,144
"#D1B499","Aggie",209,180,153
"#C5B2A2","Flynn",197,178,162
"#B3A09B","Nyssa",179,160,155
"#B3A39D","Chanelle",179,163,157
"#9B8A7F","Cinnamon",155,138,127
"#AC9796","Mary",172,151,150
"#C5ACA5","Flowie",197,172,165
"#AE9D98","Dea",174,157,152
"#946C6B","Foster",148,108,107
"#9F8D8A","Gina",159,141,138
"#998C84","Desiree",153,140,132
"#908680","Louise",144,134,128
"#8E837C","Emilia",142,131,124
"#96908D","Kateri",150,144,141
"#8F7C7C","Sam",143,124,124
"#928683","Nina",146,134,131
"#948386","Debbie",148,131,134
"#A08887","Sasha",160,136,135
"#998E8F","Rihana",153,142,143
"#908B89","Kalista",144,139,137
"#938B8B","Sloane",147,139,139
"#928087","Stacy",146,128,135
"#8D8188","Norra",141,129,136
"#8E858C","Anja",142,133,140
"#958A93","Monica",149,138,147
"#997D8A","Toni",153,125,138
"#AC8796","Veronica",172,135,150
"#A8868F","Mona",168,134,143
"#B1979E","Faye",177,151,158
"#B08F98","Coco",176,143,152
"#BC979D","Kate",188,151,157
"#BD99A2","Aubrey",189,153,162
"#AE6E7F","Mai",174,110,127
"#AC8D95","Marnie",172,141,149
"#A38389","Claire",163,131,137
"#C8A9B7","Joni",200,169,183
"#C6A6B1","Odette",198,166,177
"#BBA4B0","Charity",187,164,176
"#CF9BB0","Paige",207,155,176
"#D9A8B5","Hera",217,168,181
"#DFC6CE","Presley",223,198,206
"#D1C2C4","Eastyn",209,194,196
"#D8C2C6","Mauve Perfector",216,194,198
"#C3BBB6","Pasha",195,187,182
"#BFB4B0","Rowan",191,180,176
"#C3B8BE","Jana",195,184,190
"#D2CED4","Carey",210,206,212
"#D4D4D3","Dove",212,212,211
"#B6BABC","Tove",182,186,188
"#D3D1CE","Harley",211,209,206
"#DDD9D3","Cosmo Magical PixieDust Textured",221,217,211
"#A29FA3","Jett",162,159,163
"#CAC8CC","Tilly PixieDust Textured",202,200,204
"#B2B3B8","Theo",178,179,184
"#B5B4C1","Devin",181,180,193
"#B7BAB8","Cassedy",183,186,184
"#BDBBB8","London PixieDust Textured",189,187,184
"#B5B5B8","Tao",181,181,184
"#73727E","Tieran",115,114,126
"#707077","Ashton",112,112,119
"#97969B","Genevieve",151,150,155
"#A29F9F","Troy",162,159,159
"#989795","Dahlia PixieDust Textured",152,151,149
"#939C9B","Yuna",147,156,155
"#909595","Tris",144,149,149
"#878A91","Hadley",135,138,145
"#888891","Sailor",136,136,145
"#817E8E","Ryan",129,126,142
"#8D8D93","Blake",141,141,147
"#7E8486","Cynthia",126,132,134
"#EBEDF1","Dallas",235,237,241
"#CBCBCD","Leopard Spots Topper",203,203,205
"#949496","Imogen",148,148,150
"#878786","Storm",135,135,134
"#8D8A85","Edyta",141,138,133
"#8A8A87","Claudine",138,138,135
"#747474","Willa",116,116,116
"#7B7B7B","Raven",123,123,123
